hex,name,source,datasheet name if different,note
350,Elea,marker,,
380,Anth,marker,,
433,Selinunte,marker,,
477,Tara,marker,,
532,Zancle,marker,,
618,Himaera,marker,,major
644,Sam'al,renamed,Sam 1 al,
690,Zakuruiôi,renamed,Zakuruidi,
694,Asini,datasheet,,
713,Laus,marker,,
738,Neša,renamed,NeSa,
777,Alseei,datasheet,,
834,Urrann,datasheet,,major
886,Acragas,marker,,major
917,Harran,datasheet,,major
986,Gela,marker,,
1055,Iwakhas,datasheet,,major
1061,lasos,datasheet,,
1096,Ura,datasheet,,
1138,Epidastos,datasheet,,major
1191,Nerik,datasheet,,
1239,Nàsios,renamed,Nasios,
1273,Anku,datasheet,,
1276,Parha,datasheet,,
1282,Reia,datasheet,,
1291,Anhat,datasheet,,
1313,Kada,datasheet,,
1327,Karpasia,datasheet,,
1333,Vrauron,datasheet,,major
1375,Dars,datasheet,,major
1378,Kevi,datasheet,,major
1383,Paraman,datasheet,,major
1406,Nitema,datasheet,,
1426,Tegea,datasheet,,
1491,Haruva,datasheet,,
1522,Medma,marker,,
1545,Seltar,datasheet,,
1547,Ahya,datasheet,,
1552,Vohuca,datasheet,,
1563,Buna,datasheet,,
1565,Yeza,datasheet,,
1567,Yezi,datasheet,,major
1589,Ferasa,datasheet,,
1634,Itkasur,datasheet,,
1652,Frasā,renamed,Frasa,
1663,Hā-aēšema Temple,renamed,Temple,
1675,Baršnu,renamed,Barsnu,
1677,Yadra,datasheet,,
1729,Radam,datasheet,,major
1736,Arazu,marker,,
1738,Tanu,datasheet,,
1739,Tanu,marker,,
1745,Yasna,datasheet,,
1748,Baēvara,renamed,Baévara,
1783,Gerénôi,renamed,Gerénéi,major
1809,Gaietaŕ,renamed,Gaietaf,
1813,Keloŕ,renamed,Kelof,
1822,Neŕse,renamed,Nefse,
1836,Marak,datasheet,,
1840,Dāmi,renamed,Dami,major
1845,Aēnaha,renamed,Aénaha,major
1845,Šepaš,renamed,Aénaha,
1856,Maēya,renamed,Maeya,major
1860,Vohu,datasheet,,
1863,Alektruôn,renamed,Alektru6n,
1871,Arakos,datasheet,,
1875,Irini,datasheet,,
1908,Atuf,datasheet,,major
1927,Artāvan Temple,renamed,Artavan,
1932,Cašman,renamed,Ha-aéSema,
1936,Dayan,datasheet,,major
1938,Akanin,datasheet,,major
1953,Ephialtas,datasheet,,
1995,Ustai,datasheet,,
2031,Ayah,datasheet,,
2033,Uyra,datasheet,,
2038,Asi-ašavan Temple,hex label,Asi-aSavan,
2044,Ephialtas,marker,,
2094,Sabaŕi,renamed,Sabafi,
2117,Asan,datasheet,,
2124,Garaz,datasheet,,major
2136,Arğos,renamed,Argos,major
2141,Kullanos,datasheet,,
2172,Ilun,marker,,
2178,Dula,datasheet,,
2203,Sura,datasheet,,major
2207,Aorā,renamed,Aora,
2212,Kudā,renamed,Kuda,
2221,Kar-erezu Temple,renamed,Kar-erezu,
2294,Ahu-ātar Temple,renamed,Ahu-atar,
2300,Rašah,renamed,Vastar,
2314,Tašat,renamed,Tasat,
2319,Thalamǎtǎs,renamed,Thalamatas,
2356,Aŕgial,renamed,Afgial,major
2359,Tasin,datasheet,,
2362,Bibétan,datasheet,,
2388,Urvan,datasheet,,
2392,Vāstar,marker,,
2398,Tašar,renamed,Tasar,
2483,Sava,datasheet,,
2485,Daras,datasheet,,
2489,Tbiši,renamed,Tbisi,
2497,Pitané,datasheet,,
2531,Kaŕi,renamed,Kafi,
2547,Akatar,datasheet,,
2548,Akatar,marker,,
2568,Vaēm,marker,,
2584,Marata,datasheet,,major
2665,Zairi,datasheet,,major
2681,Kobo,datasheet,,major
2721,Misala,datasheet,,
2737,Oŕkas,renamed,Orkas,
2742,Legusé,datasheet,,
2744,Kan'bu,datasheet,,
2746,Basiŕ,renamed,Basif,
2759,Peša,renamed,PeSa,
2775,Agaro,datasheet,,
2802,Ofdin,datasheet,,
2814,Carhara,datasheet,,
2820,Ban'so,datasheet,,
2830,Isbiné,datasheet,,
2896,Permu,datasheet,,
2914,Kitei,datasheet,,
2991,Azcule,datasheet,,
3007,Iŕike,renamed,Irike,major
3012,Etaŕe,renamed,Etafe,major
3015,Naŕes,renamed,Zahya,major
3019,Sāsnā,renamed,Sasna,
3026,Hazara,marker,,
3027,Kambūjiya,renamed,Kambijiya,
3077,Inarime,datasheet,,
3085,Visal,datasheet,,
3087,Caithi,marker,,
3088,Caithi,datasheet,,
3094,Arsakos,marker,,major
3105,Zahya,marker,,
3112,Bit-Kolanu,marker,,
3168,Kisra,datasheet,,
3176,Priana,datasheet,,
3182,lItriraré,datasheet,,
3217,Baresman,datasheet,,
3224,Burayu,datasheet,,
3262,Sabate,datasheet,,
3281,Adera,datasheet,,
3367,Lakui,datasheet,,
3378,Bit-Harraz,marker,,
3486,Bahir Dar,renamed,Dar,
3567,Bit-Ghodr,marker,,
3669,Gambela,datasheet,,
3733,Gulussa,datasheet,,
3742,Bit-Meghlom,marker,,
3751,Tuz,datasheet,,
3761,Arsi Negele,renamed,Negele,major
3916,Qanot,datasheet,,
4012,Bulut,datasheet,,
4121,Yashil,datasheet,,
