name,x,y,kind,hex
Elea,1818.0,74.9,town,350
Anth,444.0,94.4,town,380
Selinunte,1647.6,94.4,town,433
Tara,614.3,114.0,town,477
Zancle,1863.4,114.0,town,532
Himaera,1761.2,133.6,town,618
Sam'al,319.1,153.2,town,644
Zakuruiôi,1363.8,153.2,town,690
Asini,1454.6,153.2,town,694
Laus,1886.1,153.2,town,713
Neša,398.5,172.7,town,738
Alseei,1284.3,172.7,town,777
Urrann,546.2,192.3,town,834
Acragas,1727.1,192.3,town,886
Harran,375.8,211.9,town,917
Gela,1942.9,211.9,town,986
Iwakhas,1477.3,231.4,town,1055
lasos,1613.6,231.4,town,1061
Ura,353.1,251.0,town,1096
Epidastos,1307.0,251.0,town,1138
Nerik,478.0,270.6,town,1191
Nàsios,1568.2,270.6,town,1239
Anku,285.0,290.1,town,1273
Parha,353.1,290.1,town,1276
Reia,489.4,290.1,town,1282
Anhat,693.8,290.1,town,1291
Kada,1193.4,290.1,town,1313
Karpasia,1511.4,290.1,town,1327
Vrauron,1647.6,290.1,town,1333
Dars,568.9,309.7,town,1375
Kevi,637.0,309.7,town,1378
Paraman,750.6,309.7,town,1383
Nitema,1272.9,309.7,town,1406
Tegea,1727.1,309.7,town,1426
Haruva,1148.0,329.3,town,1491
Medma,1852.0,329.3,town,1522
Seltar,341.8,348.9,town,1545
Ahya,387.2,348.9,town,1547
Vohuca,500.7,348.9,town,1552
Buna,750.6,348.9,town,1563
Yeza,796.0,348.9,town,1565
Yezi,841.4,348.9,town,1567
Ferasa,1341.0,348.9,town,1589
Itkasur,307.7,368.4,town,1634
Frasā,716.5,368.4,town,1652
Hā-aēšema Temple,966.3,368.4,temple,1663
Baršnu,1238.8,368.4,town,1675
Yadra,1284.3,368.4,town,1677
Radam,432.6,388.0,town,1729
Arazu,591.6,388.0,town,1736
Tanu,648.4,388.0,town,1738
Yasna,796.0,388.0,town,1745
Baēvara,864.1,388.0,town,1748
Gerénôi,1659.0,388.0,town,1783
Gaietaŕ,194.1,407.6,town,1809
Keloŕ,285.0,407.6,town,1813
Neŕse,489.4,407.6,town,1822
Marak,807.3,407.6,town,1836
Dāmi,898.2,407.6,town,1840
Aēnaha,1011.7,403.2,town,1845
Šepaš,1011.7,412.0,town,1845
Maēya,1261.6,407.6,town,1856
Vohu,1352.4,407.6,town,1860
Alektruôn,1420.5,407.6,town,1863
Arakos,1602.2,407.6,town,1871
Irini,1693.1,407.6,town,1875
Atuf,409.9,427.1,town,1908
Artāvan Temple,841.4,427.1,temple,1927
Cašman,955.0,427.1,town,1932
Dayan,1045.8,427.1,town,1936
Akanin,1091.2,427.1,town,1938
Ephialtas,1437.6,436.9,town,1953
Ustai,330.4,446.7,town,1995
Ayah,1148.0,446.7,town,2031
Uyra,1193.4,446.7,town,2033
Asi-ašavan Temple,1307.0,446.7,temple,2038
Sabaŕi,546.2,466.3,town,2094
Asan,1068.5,466.3,town,2117
Garaz,1227.5,466.3,town,2124
Arğos,1500.0,466.3,town,2136
Kullanos,1613.6,466.3,town,2141
Ilun,262.3,485.8,town,2172
Dula,398.5,485.8,town,2178
Sura,966.3,485.8,town,2203
Aorā,1057.2,485.8,town,2207
Kudā,1170.7,485.8,town,2212
Kar-erezu Temple,1375.1,485.8,temple,2221
Ahu-ātar Temple,1000.4,505.4,temple,2294
Rašah,1136.6,505.4,town,2300
Tašat,1454.6,505.4,town,2314
Thalamǎtǎs,1568.2,505.4,town,2319
Aŕgial,353.1,525.0,town,2356
Tasin,421.3,525.0,town,2359
Bibétan,489.4,525.0,town,2362
Urvan,1079.9,525.0,town,2388
Vāstar,1170.7,525.0,town,2392
Tašar,1307.0,525.0,town,2398
Sava,1204.8,544.5,town,2483
Daras,1250.2,544.5,town,2485
Tbiši,1341.0,544.5,town,2489
Pitané,1522.7,544.5,town,2497
Kaŕi,239.6,564.1,town,2531
Akatar,614.3,564.1,town,2547
Vaēm,1079.9,564.1,town,2568
Marata,1443.2,564.1,town,2584
Zairi,1250.2,583.7,town,2665
Kobo,1613.6,583.7,town,2681
Misala,466.7,603.3,town,2721
Oŕkas,830.1,603.3,town,2737
Legusé,943.6,603.3,town,2742
Kan'bu,989.0,603.3,town,2744
Basiŕ,1034.4,603.3,town,2746
Peša,1329.7,603.3,town,2759
Agaro,1693.1,603.3,town,2775
Ofdin,273.6,622.8,town,2802
Carhara,546.2,622.8,town,2814
Ban'so,682.4,622.8,town,2820
Isbiné,909.5,622.8,town,2830
Permu,353.1,642.4,town,2896
Kitei,761.9,642.4,town,2914
Azcule,478.0,662.0,town,2991
Iŕike,841.4,662.0,town,3007
Etaŕe,955.0,662.0,town,3012
Naŕes,1023.1,662.0,town,3015
Sāsnā,1113.9,662.0,town,3019
Hazara,1272.9,662.0,town,3026
Kambūjiya,1295.6,662.0,town,3027
Inarime,375.8,681.5,town,3077
Visal,557.5,681.5,town,3085
Caithi,614.3,681.5,town,3087
Arsakos,761.9,681.5,town,3094
Zahya,1011.7,681.5,town,3105
Bit-Kolanu,1170.7,681.5,town,3112
Kisra,409.9,701.1,town,3168
Priana,591.6,701.1,town,3176
lItriraré,727.9,701.1,town,3182
Baresman,1522.7,701.1,town,3217
Burayu,1681.7,701.1,town,3224
Sabate,489.4,720.7,town,3262
Adera,920.9,720.7,town,3281
Lakui,841.4,740.2,town,3367
Bit-Harraz,1091.2,740.2,town,3378
Bahir Dar,1488.7,759.8,town,3486
Bit-Ghodr,1295.6,779.4,town,3567
Gambela,1556.8,798.9,town,3669
Gulussa,977.7,818.5,town,3733
Bit-Meghlom,1182.1,818.5,town,3742
Tuz,1386.5,818.5,town,3751
Arsi Negele,1613.6,818.5,town,3761
Qanot,1045.8,857.7,town,3916
Bulut,1170.7,877.2,town,4012
Yashil,1613.6,896.8,town,4121
