name,x,y,kind
Zakuruiði,1339,147,town
Sam'al,313,154,town
Neša,398,170,town
Urrann,545,177,town
Alseei,1288,164,town
Asini,1450,170,town
Harran,368,204,town
Iwakhas,1476,237,town
Ura,340,256,town
Nerik,455,266,town
Epidastos,1315,243,town
Iasos,1611,242,town
Reia,491,296,town
Anhat,697,296,town
Kadā,1194,283,town
Karpasia,1506,292,town
Nasios,1567,270,town
Vrauron,1654,292,town
Anku,271,300,town
Parha,356,304,town
Dars,570,312,town
Kevi,647,316,town
Paraman,758,301,town
Haruva,1143,318,town
Nitema,1276,315,town
Tegea,1712,317,town
Ahyā,387,343,town
Vohucā,507,355,town
Būna,751,343,town
Yeza,799,336,town
Hā-aēšəma Temple,965,357,temple
Feraša,1339,339,town
Ifkašur,308,373,town
Seltar,343,363,town
Badam,432,372,town
Frašā,712,368,town
Yasna,788,385,town
Yezi,841,364,town
Baršnu,1235,365,town
Yadra,1283,361,town
Gerēnōi,1659,386,town
Gaietai,195,413,town
Keloř,279,406,town
Neřse,489,409,town
Arazu,596,396,town
Ianu,661,393,town
Marak,809,415,town
Baēvara,860,390,town
Dami,905,404,town
Cašman,956,410,town
Aenaša,1020,396,town
Mačya,1271,402,town
Vohu,1349,392,town
Alektruōn,1421,398,town
Aralos,1604,410,town
Irini,1688,407,town
Atui,416,420,town
Artavan Temple,841,446,temple
Doyan,1038,426,town
Akanin,1099,424,town
Ayah,1147,432,town
Uyra,1190,445,town
Asi-ašavan Temple,1309,448,temple
Ephialtas,1452,444,town
Ustai,339,453,town
Sabari,539,465,town
Sura,961,475,town
Asari,1077,457,town
Garaz,1224,466,town
Argos,1498,465,town
Kullanos,1614,458,town
Ilun,257,490,town
Dula,396,487,town
Aorā,1051,489,town
Kuda,1171,484,town
Kar-erezu Temple,1377,487,temple
Thalamātās,1565,493,town
Argiai,354,529,town
Iasin,415,513,town
Ahu-ātar Temple,996,522,temple
Urvan,1082,532,town
Rašah,1132,511,town
Vastar,1162,532,town
Tašar,1307,520,town
Tašat,1460,511,town
Kaři,243,565,town
Bibētan,489,540,town
Akatar,610,564,town
Vaēm,1077,569,town
Sava,1210,557,town
Daras,1249,542,town
Thiši,1338,545,town
Marata,1437,556,town
Pitanē,1526,540,town
Zairi,1255,596,town
Peša,1333,596,town
Kobo,1615,575,town
Ordin,278,626,town
Misala,472,601,town
Carhara,547,621,town
Ban'so,682,609,town
Orkas,835,610,town
Isbinē,911,625,town
Legusē,946,606,town
Kan'bu,998,603,town
Basir,1042,609,town
Agaro,1717,604,town
Permu,362,633,town
Kitei,762,651,town
Nařes,1017,650,town
Sasnā,1115,657,town
Inarime,391,678,town
Azcule,479,666,town
Visal,560,686,town
Caithi,611,682,town
Arsakos,768,682,town
Iřike,838,660,town
Etafe,946,663,town
Zahya,1030,681,town
Hazara,1267,656,town
Kambūjiya,1302,662,town
Kisra,415,690,town
Priana,601,709,town
Iltrinarē,731,692,town
Baresman,1548,709,town
Burayu,1671,691,town
Sabate,483,732,town
Lakui,838,736,town
Adera,950,724,town
Bahir Dar,1483,759,town
Gulussa,985,805,town
Gambela,1554,786,town
Tuz,1395,834,town
Arsi Negele,1596,820,town
Qanot,1053,880,town
Bulut,1166,885,town
Yashil,1619,890,town
