# Approximate monthly climate normals for well-known cities, for analogue matching only.
# Compiled from memory of standard published normals (WMO / national services, mostly
# 1981-2010 or 1991-2020), rounded. Not authoritative and not for citation.
# Run scripts/fetch_wmo_normals.py (needs network access to worldweather.wmo.int)
# to build data/real_cities_wmo.csv from official WMO data; it takes precedence.
# columns: name,country,lat,lon,elev_m, T1..T12 (monthly mean C), P1..P12 (monthly mm)
name,country,lat,lon,elev,T1,T2,T3,T4,T5,T6,T7,T8,T9,T10,T11,T12,P1,P2,P3,P4,P5,P6,P7,P8,P9,P10,P11,P12
Athens,Greece,37.98,23.73,110,10.1,10.8,13.0,16.6,21.6,26.5,29.2,29.1,24.8,19.9,15.4,11.8,47,40,41,26,16,6,7,3,12,49,60,69
Rome,Italy,41.90,12.50,20,8.0,8.9,11.3,14.0,18.3,22.6,25.4,25.6,21.5,17.4,12.6,9.0,67,73,58,81,53,34,19,37,73,113,115,81
Naples,Italy,40.85,14.27,70,9.0,9.5,11.7,14.5,18.6,22.5,25.4,25.5,22.2,18.0,13.6,10.3,104,100,89,86,52,34,22,37,82,131,163,117
Barcelona,Spain,41.39,2.17,10,10.0,10.8,12.9,14.7,18.0,22.0,24.9,25.4,22.4,18.8,14.0,11.1,37,37,38,46,46,32,22,63,85,91,59,42
Valencia,Spain,39.47,-0.38,10,11.5,12.2,14.0,15.8,18.9,22.8,25.6,26.1,23.4,19.7,15.0,12.3,37,36,33,37,39,22,8,20,70,77,47,48
Lisbon,Portugal,38.72,-9.14,80,11.6,12.7,14.9,16.2,18.8,21.6,23.4,23.8,22.3,19.4,15.3,12.7,100,86,58,69,51,13,4,6,33,99,115,129
Porto,Portugal,41.15,-8.61,90,9.7,10.6,12.6,13.9,16.0,18.7,20.3,20.6,19.3,16.6,12.9,10.8,150,110,95,115,85,40,20,30,75,160,165,190
Seville,Spain,37.39,-5.98,10,11.0,12.5,15.4,17.4,21.1,25.3,28.2,28.0,24.6,20.2,14.9,11.8,57,41,44,51,27,8,1,4,27,66,89,87
Madrid,Spain,40.42,-3.70,667,6.3,7.9,11.2,13.1,17.2,22.7,26.1,25.6,21.0,15.3,9.9,7.0,33,35,26,47,50,22,12,9,26,64,52,46
Zaragoza,Spain,41.65,-0.88,260,6.6,8.4,11.8,14.3,18.5,23.3,26.3,25.9,21.5,16.4,10.5,7.0,21,21,20,39,44,31,18,17,30,36,30,23
Marseille,France,43.30,5.37,30,7.5,8.5,11.4,14.2,18.3,22.5,25.4,25.1,21.0,16.8,11.5,8.3,50,30,30,55,40,25,10,30,75,80,70,55
Palermo,Italy,38.12,13.36,30,12.0,12.2,13.8,16.1,20.0,24.0,26.9,27.5,24.6,21.0,16.8,13.4,93,80,70,45,25,12,4,16,45,90,95,105
Milan,Italy,45.46,9.19,120,2.5,4.7,9.0,12.8,17.4,21.7,24.1,23.5,19.2,13.8,8.0,3.5,65,60,70,75,95,70,55,80,80,110,105,70
Thessaloniki,Greece,40.64,22.94,20,5.4,7.0,10.0,14.3,19.6,24.3,26.7,26.4,21.9,16.6,11.1,6.9,36,37,41,37,42,29,23,18,28,39,57,50
Heraklion,Greece,35.34,25.13,40,12.3,12.4,13.9,16.7,20.4,24.3,26.2,26.2,23.8,20.4,17.0,14.0,90,75,55,25,12,3,1,1,15,50,60,85
Istanbul,Turkey,41.00,28.98,40,6.2,6.4,8.0,12.3,16.9,21.6,24.0,24.1,20.6,16.4,11.9,8.3,99,78,68,47,34,32,20,32,52,86,100,117
Izmir,Turkey,38.42,27.14,30,8.8,9.6,12.2,16.1,21.0,25.9,28.4,28.0,24.1,19.4,14.2,10.4,124,103,79,47,27,8,2,2,16,47,103,146
Antalya,Turkey,36.90,30.70,50,10.2,11.0,13.3,16.6,21.0,25.9,28.8,28.7,25.3,20.6,15.4,11.8,254,155,94,50,31,9,4,2,13,75,168,265
Ankara,Turkey,39.93,32.86,938,0.3,1.9,6.1,11.4,16.0,20.2,23.8,23.8,19.2,13.4,7.1,2.4,42,37,39,48,51,37,15,12,18,31,35,46
Kayseri,Turkey,38.72,35.48,1094,-2.3,-0.5,4.5,10.3,14.8,19.1,22.7,22.4,17.9,11.8,5.1,0.1,34,33,40,51,51,30,8,5,12,26,32,39
Trabzon,Turkey,41.00,39.72,30,7.5,7.6,9.2,12.6,16.6,21.1,23.8,24.1,20.9,17.0,12.6,9.4,75,60,60,60,50,50,35,50,75,115,95,80
Nicosia,Cyprus,35.17,33.36,150,10.6,11.0,13.5,17.9,22.6,27.3,30.0,29.8,26.2,21.7,16.2,12.0,60,45,35,18,10,5,1,1,5,20,40,65
Beirut,Lebanon,33.89,35.50,30,14.0,14.2,16.1,18.8,22.0,25.0,27.2,27.9,26.6,23.7,19.5,15.9,191,133,111,52,18,3,0,0,6,51,132,185
Tel Aviv,Israel,32.08,34.78,20,14.0,14.5,16.3,19.2,22.0,25.0,27.0,27.6,26.3,23.6,19.6,15.8,128,89,56,20,2,0,0,0,1,23,83,140
Jerusalem,Israel,31.77,35.21,754,9.1,9.8,12.3,16.2,20.2,22.6,24.1,24.0,22.9,20.3,15.5,11.0,133,118,92,24,3,0,0,0,0,15,61,105
Amman,Jordan,31.95,35.93,780,8.5,9.6,12.5,16.6,21.0,24.0,25.6,25.6,24.0,20.7,15.1,10.2,64,63,44,15,5,0,0,0,0,7,33,46
Damascus,Syria,33.51,36.29,690,7.0,8.7,12.3,16.6,21.4,25.6,27.6,27.7,24.7,19.6,13.0,8.4,39,32,20,9,3,0,0,0,0,7,21,33
Tunis,Tunisia,36.80,10.18,5,11.5,12.0,14.0,16.5,20.5,24.8,27.8,28.3,25.5,21.5,16.5,12.8,59,57,47,38,23,10,3,7,33,50,56,67
Algiers,Algeria,36.75,3.06,25,11.8,12.3,14.0,16.0,19.2,22.9,25.9,26.6,24.2,20.6,16.0,13.0,81,73,63,55,36,10,3,6,25,53,85,102
Marrakesh,Morocco,31.63,-8.00,466,12.0,13.6,16.3,18.0,21.4,24.8,28.8,28.9,25.2,21.3,16.2,13.0,32,38,38,39,24,5,2,3,6,23,41,31
Los Angeles,USA,34.05,-118.24,90,14.4,14.8,16.0,17.3,19.0,20.8,23.0,23.6,22.9,20.5,17.3,14.4,80,95,60,20,8,2,0,0,5,18,25,60
San Francisco,USA,37.77,-122.42,50,10.9,12.1,13.1,13.9,15.1,16.4,17.0,17.6,18.2,17.1,13.8,11.0,114,113,81,37,14,4,0,1,3,28,80,113
Sacramento,USA,38.58,-121.49,10,8.3,10.6,12.9,15.3,19.1,22.7,24.9,24.4,22.4,18.3,12.3,8.1,95,90,70,30,15,4,0,1,5,25,55,85
Seattle,USA,47.60,-122.33,60,5.6,6.3,8.1,10.4,13.6,16.3,19.4,19.6,16.8,12.1,7.9,5.4,140,89,95,70,50,39,16,23,38,89,156,140
Perth,Australia,-31.95,115.86,20,24.5,24.8,23.0,19.9,16.8,14.4,13.4,13.9,15.2,17.4,20.3,22.6,15,10,20,35,90,125,145,120,80,45,25,10
Adelaide,Australia,-34.93,138.60,50,23.3,23.2,21.0,17.6,14.7,12.3,11.4,12.2,14.3,16.7,19.6,21.6,20,15,25,40,60,75,65,60,50,40,30,30
Cape Town,South Africa,-33.92,18.42,40,21.3,21.6,20.4,18.1,15.9,13.9,13.3,13.6,14.8,16.6,18.6,20.3,15,17,20,41,69,93,82,77,40,30,14,17
Santiago,Chile,-33.45,-70.67,520,21.2,20.6,18.5,15.0,11.7,8.9,8.6,9.9,12.0,14.9,17.7,20.2,1,2,4,14,48,81,77,54,21,12,7,3
Tehran,Iran,35.69,51.39,1190,4.0,6.6,11.3,17.0,22.5,28.2,31.1,30.0,25.8,18.9,11.4,6.0,37,36,46,33,14,3,3,1,1,12,27,33
Mashhad,Iran,36.30,59.60,990,1.6,4.0,8.6,14.7,20.1,25.3,27.3,25.7,21.1,14.9,8.4,3.5,33,37,54,45,22,3,1,0,1,9,19,26
Rasht,Iran,37.28,49.58,10,7.0,7.6,10.1,15.0,20.0,24.1,25.9,25.7,22.6,17.9,13.0,9.0,135,125,140,85,50,45,45,85,230,310,220,160
Yerevan,Armenia,40.18,44.51,990,-3.5,-1.0,5.5,12.5,17.2,22.1,26.0,25.6,20.8,13.5,6.1,-0.8,21,21,31,40,47,25,12,9,12,25,22,22
Tbilisi,Georgia,41.72,44.79,490,1.6,3.0,7.2,12.8,17.6,22.0,25.1,25.0,20.3,14.2,7.6,3.0,19,25,33,52,79,75,46,45,40,38,30,22
Batumi,Georgia,41.64,41.64,10,6.9,7.3,9.3,12.5,16.6,20.8,23.5,23.8,20.9,16.9,12.4,8.9,280,230,170,120,100,170,180,260,340,310,300,300
Sochi,Russia,43.60,39.73,30,6.3,6.6,8.6,12.3,16.3,20.6,23.6,24.0,20.4,15.9,11.3,8.1,180,125,115,110,90,90,90,100,120,140,160,190
Kabul,Afghanistan,34.53,69.17,1790,-2.3,-0.7,6.3,12.8,17.3,22.4,24.9,24.0,19.7,13.1,5.9,0.6,34,60,68,72,23,1,6,2,2,4,19,22
Tashkent,Uzbekistan,41.30,69.24,455,1.9,4.0,9.6,16.1,21.4,26.8,28.9,27.0,21.6,14.4,8.2,3.3,55,47,72,64,32,7,4,2,5,34,45,53
Almaty,Kazakhstan,43.24,76.95,850,-5.3,-3.7,3.4,11.5,16.5,21.5,24.1,23.2,17.8,10.2,2.6,-3.2,33,37,73,104,104,64,47,29,27,59,54,41
Astana,Kazakhstan,51.17,71.45,350,-14.2,-13.8,-6.7,5.2,13.7,19.2,20.7,18.5,12.3,4.5,-5.0,-11.6,18,15,17,22,32,43,51,32,25,27,25,22
Urumqi,China,43.80,87.60,920,-12.6,-9.7,-0.4,11.0,18.0,22.4,24.2,22.6,16.6,7.6,-2.2,-9.5,11,11,18,33,31,34,25,23,21,21,18,13
Lanzhou,China,36.06,103.84,1520,-5.3,-0.9,5.8,12.4,17.3,21.3,23.1,21.5,16.6,10.0,2.6,-3.6,2,3,10,18,40,46,61,79,46,22,4,1
Ulaanbaatar,Mongolia,47.92,106.92,1350,-21.0,-16.4,-7.5,1.9,9.6,15.4,17.7,15.7,9.2,0.6,-10.5,-18.6,2,2,4,9,18,50,66,59,23,6,4,3
Volgograd,Russia,48.70,44.50,100,-5.6,-5.1,0.6,10.1,16.9,21.4,23.6,22.1,15.9,8.4,1.0,-3.8,30,26,26,27,37,41,33,27,31,27,34,36
Odesa,Ukraine,46.48,30.73,40,-0.5,0.2,4.1,9.9,16.0,20.4,22.9,22.6,17.6,11.9,6.1,1.6,42,39,34,34,40,56,49,41,45,40,44,45
Kyiv,Ukraine,50.45,30.52,170,-3.5,-2.5,2.0,9.3,15.5,18.9,20.8,20.1,14.5,8.5,2.6,-1.8,38,37,36,44,57,67,79,56,56,41,44,43
Moscow,Russia,55.75,37.62,150,-6.2,-5.9,-0.7,6.9,13.6,17.3,19.7,17.6,11.9,5.8,-0.5,-4.4,53,44,39,37,61,78,84,78,66,70,52,51
Bucharest,Romania,44.43,26.10,80,-0.9,1.0,5.6,11.8,17.1,21.2,23.3,22.8,17.8,11.6,5.6,0.6,40,33,38,46,70,77,64,58,52,42,45,46
Belgrade,Serbia,44.80,20.47,130,1.4,3.1,7.6,13.1,18.1,21.5,23.6,23.4,18.5,13.0,7.4,2.6,47,45,50,56,70,101,63,58,58,50,54,59
Budapest,Hungary,47.50,19.04,120,-0.4,1.6,6.2,12.0,16.9,20.4,22.3,21.9,16.9,11.3,5.6,0.9,37,31,33,42,61,63,56,53,44,45,51,45
Sarajevo,Bosnia,43.86,18.41,630,-0.5,1.4,5.7,10.4,14.9,18.4,20.4,20.2,15.8,11.1,5.5,1.0,65,65,70,80,85,90,75,70,85,90,95,85
Ljubljana,Slovenia,46.05,14.50,300,0.3,2.0,6.3,10.8,15.6,19.3,21.3,20.7,15.9,11.3,5.9,0.9,70,70,80,100,115,145,115,130,150,145,135,105
London,UK,51.50,-0.12,20,5.6,5.9,8.0,10.4,13.6,16.7,18.9,18.6,15.9,12.3,8.6,6.1,56,41,42,44,49,46,46,51,50,70,63,57
Paris,France,48.86,2.35,40,5.0,5.6,8.8,11.6,15.2,18.6,20.9,20.6,16.9,13.0,8.4,5.5,51,41,48,52,63,49,63,52,46,62,51,59
Brest,France,48.39,-4.49,100,7.1,7.0,8.7,10.1,12.9,15.5,17.2,17.4,15.9,13.3,10.0,7.8,125,100,90,80,75,50,60,60,75,110,120,135
Dublin,Ireland,53.35,-6.26,20,5.3,5.4,6.8,8.4,11.1,13.8,15.8,15.6,13.5,10.6,7.6,5.8,63,49,53,51,56,64,60,72,60,79,73,72
Bergen,Norway,60.39,5.32,10,2.6,2.4,3.9,6.8,10.4,13.2,15.4,15.3,12.6,9.0,5.6,3.3,250,200,190,140,110,125,145,195,250,270,260,260
Wellington,New Zealand,-41.29,174.78,30,17.4,17.6,16.4,14.3,12.3,10.4,9.6,10.1,11.4,12.7,14.3,16.2,75,80,90,95,120,135,135,120,100,105,85,90
Chicago,USA,41.88,-87.63,180,-4.6,-2.8,2.9,9.5,15.2,20.8,23.5,22.6,18.4,11.9,5.1,-1.5,51,49,63,92,106,105,92,104,85,87,74,54
Minneapolis,USA,44.98,-93.27,260,-9.4,-6.9,-0.2,7.6,14.6,20.3,23.2,21.8,17.1,9.4,1.4,-6.3,23,21,43,69,99,115,104,108,78,66,41,31
Denver,USA,39.74,-104.99,1609,-0.3,0.6,4.8,8.8,14.1,19.9,23.5,22.4,17.8,10.7,4.2,-0.6,10,12,25,40,55,50,55,45,30,25,15,12
Salt Lake City,USA,40.76,-111.89,1288,-0.8,2.5,7.3,10.7,15.9,21.7,26.4,25.3,19.4,11.9,4.6,-0.4,32,34,47,52,47,23,15,17,30,37,34,36
Boise,USA,43.60,-116.20,820,-0.5,2.3,6.6,10.2,14.9,19.5,24.6,23.9,18.4,11.4,4.6,-0.1,30,25,33,31,33,19,7,6,13,21,35,36
Reno,USA,39.53,-119.81,1370,1.2,3.5,6.5,9.4,13.9,18.6,23.0,22.2,17.4,11.1,5.2,0.9,26,25,21,10,15,11,7,6,8,11,21,25
New York,USA,40.71,-74.01,40,0.8,2.0,5.8,11.8,17.2,22.5,25.6,24.9,21.0,14.9,9.1,3.8,92,80,106,99,95,113,117,106,102,112,87,102
Boston,USA,42.36,-71.06,10,-1.5,-0.4,3.4,9.1,14.6,20.1,23.4,22.6,18.7,12.7,7.1,1.8,92,83,113,94,84,87,82,82,89,101,96,106
Montreal,Canada,45.50,-73.57,40,-9.7,-8.1,-2.1,6.3,13.4,18.6,21.2,20.2,15.4,8.5,2.1,-5.4,77,63,70,82,81,87,89,94,83,91,96,84
Toronto,Canada,43.65,-79.38,110,-3.7,-2.6,1.4,7.9,14.1,19.4,22.3,21.5,17.2,10.7,4.9,-0.5,62,55,54,69,75,72,74,79,77,64,77,62
Halifax,Canada,44.65,-63.57,50,-5.4,-4.9,-1.2,4.5,9.7,14.8,18.6,18.5,14.8,9.0,3.7,-1.9,140,110,130,120,110,100,100,95,105,125,145,140
St. John's,Canada,47.56,-52.71,70,-4.5,-5.0,-2.3,1.8,6.3,10.8,15.5,16.0,12.3,7.1,3.0,-1.6,145,125,130,115,100,95,85,105,125,160,150,150
Beijing,China,39.90,116.40,50,-3.1,0.2,6.7,14.8,20.8,24.9,26.7,25.5,20.8,13.7,5.0,-0.9,3,6,9,26,35,78,185,160,46,22,10,2
Shenyang,China,41.80,123.40,50,-11.5,-7.3,0.4,9.6,16.9,21.6,24.6,23.6,17.6,9.6,0.6,-7.9,7,10,19,40,66,92,170,165,60,37,20,10
Harbin,China,45.75,126.65,140,-17.6,-12.6,-2.8,7.7,15.6,21.2,23.3,21.7,15.3,6.1,-5.0,-14.3,4,6,13,24,48,94,141,119,54,28,11,6
Seoul,South Korea,37.57,126.98,90,-1.9,0.7,6.1,12.6,18.2,22.4,25.3,26.1,21.6,14.9,7.5,0.2,17,26,43,72,103,130,415,348,141,52,51,22
Vladivostok,Russia,43.12,131.90,140,-12.3,-8.4,-1.4,5.6,10.6,14.4,18.5,20.5,16.4,9.0,-0.6,-9.0,13,15,24,49,75,101,135,152,117,64,33,16
Sapporo,Japan,43.06,141.35,20,-3.2,-2.7,1.1,7.3,13.0,17.0,21.1,22.3,18.6,12.1,5.2,-0.9,108,92,78,54,56,51,81,124,135,109,104,112
Aomori,Japan,40.82,140.74,3,-1.2,-0.7,2.4,8.3,13.3,17.2,21.1,23.3,19.9,13.5,6.9,1.4,140,110,75,65,75,75,115,140,135,115,135,150
Tokyo,Japan,35.68,139.69,25,5.4,6.1,9.4,14.3,18.8,21.9,25.7,26.9,23.3,18.0,12.5,7.7,60,56,117,125,138,168,154,168,210,198,93,58
Shanghai,China,31.23,121.47,5,4.8,6.5,10.1,15.4,20.6,24.5,28.6,28.3,24.6,19.6,13.8,7.6,78,64,99,81,101,210,162,230,112,64,59,46
Wuhan,China,30.59,114.30,25,4.0,6.6,11.1,17.3,22.4,26.1,29.1,28.6,24.3,18.6,12.0,6.1,50,65,100,140,165,205,210,125,75,85,60,30
Chongqing,China,29.56,106.55,260,7.9,10.4,14.2,19.0,22.6,25.3,28.6,28.8,24.3,19.0,14.3,9.5,20,25,50,100,160,190,170,140,130,100,50,25
Kunming,China,25.04,102.71,1890,8.9,10.9,14.3,17.6,19.8,20.4,20.2,19.8,18.4,15.9,12.2,9.2,15,15,20,25,90,180,215,210,120,80,35,15
Taipei,Taiwan,25.03,121.56,10,16.1,16.5,18.5,21.9,25.2,27.7,29.6,29.2,27.4,24.5,21.5,17.9,95,170,180,175,235,325,245,320,360,150,85,75
Hong Kong,China,22.30,114.17,30,16.4,17.0,19.2,22.6,26.0,28.0,28.9,28.7,27.8,25.6,22.1,18.2,33,37,69,140,300,456,377,432,328,100,38,26
Guangzhou,China,23.13,113.26,20,13.6,15.2,18.1,22.3,25.8,27.8,29.0,28.9,27.6,24.6,20.0,15.3,50,70,100,190,290,340,260,270,180,60,40,35
Hanoi,Vietnam,21.03,105.85,10,16.4,17.2,20.2,24.1,27.6,29.6,29.8,29.2,28.1,25.6,22.2,18.2,19,26,44,90,188,240,288,318,265,130,43,23
Kolkata,India,22.57,88.36,10,19.7,23.0,27.5,30.2,30.8,30.4,29.3,29.2,29.1,27.9,24.0,20.3,11,23,30,49,136,297,361,334,324,157,29,7
Dhaka,Bangladesh,23.81,90.41,10,18.8,22.2,26.4,28.7,28.9,29.1,28.8,29.1,28.8,27.6,24.2,20.3,7,28,61,141,296,365,380,302,315,166,35,10
Lucknow,India,26.85,80.95,120,15.5,19.0,24.9,31.0,33.5,32.8,29.8,29.1,28.6,26.3,21.3,16.8,15,15,8,5,18,110,290,260,200,35,5,5
Karachi,Pakistan,24.86,67.00,10,18.8,21.0,25.0,28.5,30.8,31.5,30.3,29.2,28.9,28.0,24.4,20.3,6,9,9,3,3,18,64,61,22,3,2,4
Atlanta,USA,33.75,-84.39,300,7.1,9.2,13.1,17.4,21.6,25.2,26.9,26.5,23.4,17.6,12.1,8.4,112,116,120,92,92,103,133,107,99,81,105,107
Charleston,USA,32.78,-79.93,10,9.8,11.6,15.1,18.8,23.0,26.3,28.0,27.4,25.1,20.0,14.8,11.0,85,75,90,75,75,140,165,175,160,95,65,80
New Orleans,USA,29.95,-90.07,1,11.9,13.8,17.1,20.4,24.6,27.4,28.3,28.3,26.4,21.6,16.4,13.1,130,115,110,125,120,205,155,155,120,95,110,125
Houston,USA,29.76,-95.37,15,12.0,14.0,17.4,20.9,25.1,28.1,29.2,29.2,26.7,21.9,16.4,12.9,87,76,88,89,130,148,96,112,108,140,95,93
Miami,USA,25.76,-80.19,2,20.3,21.4,22.8,24.9,27.2,28.6,29.4,29.5,28.8,27.0,24.1,21.6,47,53,66,81,150,260,175,225,245,175,75,55
Brisbane,Australia,-27.47,153.03,20,25.5,25.4,24.3,21.9,18.8,16.4,15.6,16.6,19.2,21.6,23.4,24.8,155,175,140,85,85,60,50,35,35,90,105,130
Durban,South Africa,-29.86,31.03,10,24.4,24.7,24.0,22.0,19.6,17.4,17.0,17.9,19.4,20.6,21.9,23.5,135,115,120,75,55,30,35,50,75,95,110,120
Buenos Aires,Argentina,-34.60,-58.38,25,24.9,24.0,22.0,18.1,15.0,11.9,11.2,12.8,14.6,17.9,20.9,23.5,139,125,140,120,90,65,70,70,75,130,125,120
Cairo,Egypt,30.04,31.24,25,14.0,15.2,17.6,21.3,24.9,27.3,28.3,28.3,26.4,23.9,19.6,15.6,5,4,4,1,1,0,0,0,0,1,3,6
Alexandria,Egypt,31.20,29.92,5,13.6,14.3,16.0,18.6,21.8,24.6,26.4,27.0,25.8,23.3,19.4,15.3,53,29,14,4,1,0,0,0,1,9,31,52
Aswan,Egypt,24.09,32.90,190,16.0,18.0,22.0,27.0,31.0,33.0,33.6,33.4,31.5,28.3,22.0,17.5,0,0,0,0,0,0,0,0,0,0,0,0
Riyadh,Saudi Arabia,24.71,46.68,612,14.6,17.4,21.6,27.1,32.6,35.5,36.6,36.5,33.4,27.8,21.0,16.0,12,8,25,25,5,0,0,0,0,2,7,13
Baghdad,Iraq,33.31,44.36,35,10.0,12.7,16.9,22.9,28.9,33.1,35.3,34.6,31.2,25.0,17.1,11.6,27,20,22,17,5,0,0,0,0,4,19,25
Kuwait City,Kuwait,29.37,47.98,50,13.5,15.6,20.0,26.0,32.4,36.6,37.7,37.2,34.0,28.2,20.5,15.1,30,11,18,11,1,0,0,0,0,2,19,25
Dubai,UAE,25.20,55.27,5,19.0,20.4,23.4,27.5,32.1,34.3,36.2,36.3,33.8,30.0,25.3,21.0,19,25,22,7,0,0,1,0,0,1,3,16
Phoenix,USA,33.45,-112.07,340,13.1,14.8,18.2,22.1,27.4,32.6,35.2,34.6,31.5,24.8,17.6,12.4,23,24,25,7,3,1,26,25,16,15,16,24
Tucson,USA,32.22,-110.97,730,11.4,12.9,15.8,19.3,24.3,29.5,30.6,29.9,27.6,21.7,15.3,10.9,25,22,19,7,6,6,56,58,30,22,15,25
Las Vegas,USA,36.17,-115.14,610,8.6,10.8,14.7,18.6,24.3,29.7,33.2,32.3,27.8,20.6,13.0,8.0,14,20,11,4,3,2,10,8,7,7,8,11
Hermosillo,Mexico,29.07,-110.96,200,16.6,18.0,20.3,23.5,27.4,31.6,32.6,32.2,31.1,26.8,21.0,17.0,20,13,7,3,1,3,75,80,40,15,10,20
Alice Springs,Australia,-23.70,133.88,545,29.0,27.8,25.1,20.4,15.6,12.4,12.0,14.4,18.8,22.5,25.7,27.8,40,45,30,15,15,15,12,8,8,20,30,40
Addis Ababa,Ethiopia,9.03,38.74,2355,16.3,17.3,18.4,18.5,18.8,17.3,15.9,15.9,16.4,16.4,15.9,15.7,15,35,65,90,85,125,260,270,160,30,8,7
Bahir Dar,Ethiopia,11.60,37.38,1800,17.0,18.6,20.8,22.1,22.0,20.4,18.6,18.5,19.0,19.4,18.4,17.2,3,1,8,20,85,190,430,390,220,95,20,5
Gambela,Ethiopia,8.25,34.58,450,27.5,28.7,30.0,29.8,27.9,26.4,25.6,25.6,26.0,26.5,26.8,26.8,5,10,30,75,170,180,220,220,180,110,40,10
Dire Dawa,Ethiopia,9.60,41.87,1197,22.0,23.5,25.3,26.5,27.9,29.2,28.7,27.7,27.4,25.6,23.2,22.0,15,30,55,65,40,20,85,120,60,25,15,10
Asmara,Eritrea,15.33,38.93,2325,14.4,15.5,16.9,18.0,18.9,19.2,17.6,17.3,17.6,16.5,15.4,14.8,2,1,10,25,30,35,180,180,30,10,15,2
Sanaa,Yemen,15.35,44.20,2250,13.0,14.6,16.4,17.4,19.0,20.6,21.6,21.0,19.0,16.0,14.4,13.0,5,5,15,45,30,5,50,75,10,5,5,5
Nairobi,Kenya,-1.29,36.82,1660,19.4,20.4,20.8,20.2,19.1,17.6,16.8,17.4,18.8,19.6,19.1,18.9,60,45,90,175,135,30,15,20,25,55,140,90
Mexico City,Mexico,19.43,-99.13,2240,14.1,15.5,17.6,18.9,19.4,18.8,17.7,17.8,17.4,16.4,15.4,14.4,8,5,11,26,52,124,160,152,126,54,12,6
Johannesburg,South Africa,-26.20,28.05,1750,20.4,19.9,18.6,15.8,12.6,9.6,10.0,12.8,16.4,18.7,19.4,20.1,125,90,90,50,15,5,5,5,25,70,110,115
